Team,Pos,No,Name,Height,Weight,DOB (YYYY-MM-DD),From
Boston Celtics,G/F,7,"Brown, Jaylen",6 ft 6 in (1.98 m),223 lb (101 kg),1996–10–24,California
Boston Celtics,G,4,"Edwards, Carsen",5 ft 11 in (1.80 m),200 lb (91 kg),1998–03–12,Purdue
Boston Celtics,C,99,"Fall, Tacko (TW, FA)",7 ft 5 in (2.26 m),311 lb (141 kg),1995–12–10,Central Florida
Boston Celtics,G/F,43,"Green, Javonte ",6 ft 4 in (1.93 m),205 lb (93 kg),1993–07–23,Radford
Boston Celtics,F,20,"Hayward, Gordon",6 ft 7 in (2.01 m),225 lb (102 kg),1990–03–23,Butler
Boston Celtics,C,11,"Kanter, Enes",6 ft 10 in (2.08 m),250 lb (113 kg),1992–05–20,Turkey
Boston Celtics,G/F,45,"Langford, Romeo ",6 ft 4 in (1.93 m),216 lb (98 kg),1999–10–25,Indiana
Boston Celtics,F,37,"Ojeleye, Semi",6 ft 6 in (1.98 m),240 lb (109 kg),1994–12–05,SMU
Boston Celtics,F/C,77,"Poirier, Vincent",7 ft 0 in (2.13 m),235 lb (107 kg),1993–10–27,France
Boston Celtics,G,36,"Smart, Marcus",6 ft 3 in (1.91 m),220 lb (100 kg),1994–03–06,Oklahoma State
Boston Celtics,G/F,0,"Tatum, Jayson",6 ft 8 in (2.03 m),210 lb (95 kg),1998–03–03,Duke
Boston Celtics,F/C,27,"Theis, Daniel",6 ft 8 in (2.03 m),245 lb (111 kg),1992–04–04,Germany
Boston Celtics,G,8,"Walker, Kemba",6 ft 0 in (1.83 m),184 lb (83 kg),1990–05–08,Connecticut
Boston Celtics,G,9,"Wanamaker, Brad (FA)",6 ft 3 in (1.91 m),210 lb (95 kg),1989–07–25,Pittsburgh
Boston Celtics,G,51,"Waters, Tremont (TW, FA)",5 ft 10 in (1.78 m),175 lb (79 kg),1998–01–10,LSU
Boston Celtics,F,12,"Williams, Grant",6 ft 6 in (1.98 m),236 lb (107 kg),1998–11–30,Tennessee
Boston Celtics,F/C,44,"Williams, Robert",6 ft 8 in (2.03 m),237 lb (108 kg),1997–10–17,Texas A&M
Brooklyn Nets,G,4,"Chiozza, Chris (TW, FA)",5 ft 11 in (1.80 m),175 lb (79 kg),1995–11–25,Florida
Brooklyn Nets,G,11,"Irving, Kyrie ",6 ft 2 in (1.88 m),195 lb (88 kg),1992–03–23,Duke
Brooklyn Nets,G,0,"Martin, Jeremiah (TW)",6 ft 2 in (1.88 m),185 lb (84 kg),1996–06–19,Memphis
Brooklyn Nets,G,8,"Johnson, Tyler (FA)",6 ft 3 in (1.91 m),186 lb (84 kg),1992–05–07,Fresno State
Brooklyn Nets,G/F,10,"Anderson, Justin (FA)",6 ft 5 in (1.96 m),231 lb (105 kg),1993–11–19,Virginia
Brooklyn Nets,G,1,"Crawford, Jamal  (FA)",6 ft 5 in (1.96 m),185 lb (84 kg),1980–03–26,Michigan
Brooklyn Nets,G,26,"Dinwiddie, Spencer ",6 ft 5 in (1.96 m),215 lb (98 kg),1993–04–06,Colorado
Brooklyn Nets,G/F,17,"Temple, Garrett",6 ft 5 in (1.96 m),195 lb (88 kg),1986–05–08,LSU
Brooklyn Nets,G/F,12,"Harris, Joe (FA)",6 ft 6 in (1.98 m),220 lb (100 kg),1991–09–07,Virginia
Brooklyn Nets,G,22,"LeVert, Caris",6 ft 6 in (1.98 m),205 lb (93 kg),1994–08–25,Michigan
Brooklyn Nets,G/F,9,"Luwawu-Cabarrot, Timothé",6 ft 7 in (2.01 m),220 lb (100 kg),1995–05–09,France
Brooklyn Nets,F,2,"Prince, Taurean ",6 ft 7 in (2.01 m),218 lb (99 kg),1994–03–22,Baylor
Brooklyn Nets,F,21,"Chandler, Wilson  (FA)",6 ft 8 in (2.03 m),235 lb (107 kg),1987–05–10,DePaul
Brooklyn Nets,F,42,"Thomas, Lance (FA)",6 ft 8 in (2.03 m),235 lb (107 kg),1988–04–24,Duke
Brooklyn Nets,F/C,45,"Hall, Donta (FA)",6 ft 9 in (2.06 m),229 lb (104 kg),1997–08–07,Alabama
Brooklyn Nets,F,0,"Kurucs, Rodions",6 ft 9 in (2.06 m),228 lb (103 kg),1998–02–05,Latvia
Brooklyn Nets,G/F,13,"Musa, Džanan",6 ft 9 in (2.06 m),217 lb (98 kg),1999–05–08,Bosnia and Herzegovina
Brooklyn Nets,F,7,"Durant, Kevin ",6 ft 10 in (2.08 m),240 lb (109 kg),1988–09–29,Texas
Brooklyn Nets,C,31,"Allen, Jarrett",6 ft 11 in (2.11 m),243 lb (110 kg),1998–04–21,Texas
Brooklyn Nets,F/C,33,"Claxton, Nicolas ",6 ft 11 in (2.11 m),215 lb (98 kg),1999–04–17,Georgia
Brooklyn Nets,C,6,"Jordan, DeAndre ",6 ft 11 in (2.11 m),265 lb (120 kg),1988–07–21,Texas A&M
New York Knicks,G,9,"Barrett, RJ",6 ft 6 in (1.98 m),214 lb (97 kg),2000–07–14,Duke
New York Knicks,F,17,"Brazdeikis, Ignas",6 ft 6 in (1.98 m),221 lb (100 kg),1999–01–08,Michigan
New York Knicks,G/F,25,"Bullock, Reggie",6 ft 6 in (1.98 m),205 lb (93 kg),1991–03–16,North Carolina
New York Knicks,G,21,"Dotson, Damyean (FA)",6 ft 5 in (1.96 m),210 lb (95 kg),1994–05–06,Houston
New York Knicks,G,2,"Ellington, Wayne",6 ft 4 in (1.93 m),207 lb (94 kg),1987–11–29,North Carolina
New York Knicks,F,67,"Gibson, Taj",6 ft 9 in (2.06 m),232 lb (105 kg),1985–06–24,Southern California
New York Knicks,G/F,3,"Harkless, Maurice (FA)",6 ft 7 in (2.01 m),220 lb (100 kg),1993–05–11,St. John's
New York Knicks,G,–,"Harper, Jared (TW)",5 ft 10 in (1.78 m),175 lb (79 kg),1997–09–14,Auburn
New York Knicks,F,20,"Knox, Kevin",6 ft 7 in (2.01 m),215 lb (98 kg),1999–08–11,Kentucky
New York Knicks,G,11,"Ntilikina, Frank",6 ft 4 in (1.93 m),200 lb (91 kg),1998–07–28,France
New York Knicks,G,6,"Payton, Elfrid",6 ft 3 in (1.91 m),195 lb (88 kg),1994–02–22,Louisiana
New York Knicks,G/F,–,"Pinson, Theo",6 ft 5 in (1.96 m),212 lb (96 kg),1995–11–05,North Carolina
New York Knicks,F,1,"Portis, Bobby",6 ft 10 in (2.08 m),250 lb (113 kg),1995–02–10,Arkansas
New York Knicks,F,30,"Randle, Julius",6 ft 8 in (2.03 m),250 lb (113 kg),1994–11–29,Kentucky
New York Knicks,C,23,"Robinson, Mitchell",7 ft 0 in (2.13 m),240 lb (109 kg),1998–04–01,Chalmette HS (LA)
New York Knicks,G,4,"Smith, Dennis",6 ft 2 in (1.88 m),205 lb (93 kg),1997–11–25,North Carolina State
New York Knicks,F,45,"Wooten, Kenny (TW)",6 ft 8 in (2.03 m),235 lb (107 kg),1998–04–17,Oregon
Philadelphia 76ers,G/F,45,"Broekhoff, Ryan",6 ft 6 in (1.98 m),215 lb (98 kg),1991–07–23,Valparaiso
Philadelphia 76ers,G,20,"Burks, Alec",6 ft 6 in (1.98 m),214 lb (97 kg),1990–08–20,Colorado
Philadelphia 76ers,F/C,21,"Embiid, Joel",7 ft 0 in (2.13 m),280 lb (127 kg),1994–03–16,Kansas
Philadelphia 76ers,F,12,"Harris, Tobias",6 ft 8 in (2.03 m),226 lb (103 kg),1992–07–15,Tennessee
Philadelphia 76ers,F/C,42,"Horford, Al",6 ft 9 in (2.06 m),240 lb (109 kg),1986–06–03,Florida
Philadelphia 76ers,G/F,30,"Korkmaz, Furkan",6 ft 7 in (2.01 m),202 lb (92 kg),1997–07–24,Turkey
Philadelphia 76ers,G/F,18,"Milton, Shake",6 ft 5 in (1.96 m),205 lb (93 kg),1996–09–26,SMU
Philadelphia 76ers,G,19,"Neto, Raul",6 ft 1 in (1.85 m),180 lb (82 kg),1992–05–19,Brazil
Philadelphia 76ers,F/C,9,"O'Quinn, Kyle",6 ft 9 in (2.06 m),250 lb (113 kg),1990–03–26,Norfolk State
Philadelphia 76ers,F,14,"Pelle, Norvel",6 ft 10 in (2.08 m),231 lb (105 kg),1993–02–03,Price HS (CA)
Philadelphia 76ers,G,0,"Richardson, Josh",6 ft 5 in (1.96 m),200 lb (91 kg),1993–09–15,Tennessee
Philadelphia 76ers,F,40,"Robinson, Glenn",6 ft 6 in (1.98 m),222 lb (101 kg),1994–01–08,Michigan
Philadelphia 76ers,F,1,"Scott, Mike",6 ft 7 in (2.01 m),237 lb (108 kg),1988–07–16,Virginia
Philadelphia 76ers,G,35,"Shayok, Marial (TW)",6 ft 5 in (1.96 m),196 lb (89 kg),1995–07–26,Iowa State
Philadelphia 76ers,G/F,25,"Simmons, Ben",6 ft 10 in (2.08 m),240 lb (109 kg),1996–07–20,LSU
Philadelphia 76ers,G,5,"Smith, Zhaire",6 ft 3 in (1.91 m),205 lb (93 kg),1999–06–04,Texas Tech
Philadelphia 76ers,G,22,"Thybulle, Matisse",6 ft 5 in (1.96 m),200 lb (91 kg),1997–03–04,Washington
Toronto Raptors,F,3,"Anunoby, OG",6 ft 7 in (2.01 m),232 lb (105 kg),1997–07–17,Indiana
Toronto Raptors,F/C,25,"Boucher, Chris",6 ft 9 in (2.06 m),200 lb (91 kg),1993–01–11,Oregon
Toronto Raptors,G/F,12,"Brissett, Oshae  (TW)",6 ft 7 in (2.01 m),210 lb (95 kg),1998–06–20,Syracuse
Toronto Raptors,G,0,"Davis, Terence",6 ft 4 in (1.93 m),201 lb (91 kg),1997–05–16,Mississippi
Toronto Raptors,C,33,"Gasol, Marc",6 ft 11 in (2.11 m),255 lb (116 kg),1985–01–29,Lausanne CS (TN)
Toronto Raptors,F/C,20,"Hernandez, Dewan",6 ft 10 in (2.08 m),235 lb (107 kg),1996–12–09,Miami (FL)
Toronto Raptors,F,4,"Hollis-Jefferson, Rondae",6 ft 6 in (1.98 m),217 lb (98 kg),1995–01–03,Arizona
Toronto Raptors,C,9,"Ibaka, Serge",7 ft 0 in (2.13 m),235 lb (107 kg),1989–09–18,Republic of the Congo
Toronto Raptors,G/F,5,"Johnson, Stanley",6 ft 6 in (1.98 m),242 lb (110 kg),1996–05–29,Arizona
Toronto Raptors,G,7,"Lowry, Kyle",6 ft 0 in (1.83 m),196 lb (89 kg),1986–03–25,Villanova
Toronto Raptors,G,22,"McCaw, Patrick ",6 ft 7 in (2.01 m),181 lb (82 kg),1995–10–25,UNLV
Toronto Raptors,G/F,13,"Miller, Malcolm",6 ft 7 in (2.01 m),210 lb (95 kg),1993–03–06,Holy Cross
Toronto Raptors,G,24,"Powell, Norman",6 ft 3 in (1.91 m),215 lb (98 kg),1993–05–25,UCLA
Toronto Raptors,F,43,"Siakam, Pascal",6 ft 9 in (2.06 m),230 lb (104 kg),1994–04–02,New Mexico State
Toronto Raptors,G,21,"Thomas, Matt",6 ft 4 in (1.93 m),190 lb (86 kg),1994–08–04,Iowa State
Toronto Raptors,G,23,"VanVleet, Fred",6 ft 1 in (1.85 m),197 lb (89 kg),1994–02–25,Wichita State
Toronto Raptors,F,1,"Watson, Paul (TW)",6 ft 6 in (1.98 m),210 lb (95 kg),1994–12–30,Fresno State
Chicago Bulls,G,51,"Arcidiacono, Ryan",6 ft 3 in (1.91 m),195 lb (88 kg),1994–03–26,Villanova
Chicago Bulls,F/C,34,"Carter, Wendell",6 ft 9 in (2.06 m),270 lb (122 kg),1999–04–16,Duke
Chicago Bulls,G,32,"Dunn, Kris (FA)",6 ft 3 in (1.91 m),205 lb (93 kg),1994–03–18,Providence
Chicago Bulls,F/C,6,"Felício, Cristiano",6 ft 10 in (2.08 m),270 lb (122 kg),1992–07–07,CCSE Prep Academy (CA)
Chicago Bulls,F/C,12,"Gafford, Daniel",6 ft 10 in (2.08 m),234 lb (106 kg),1998–10–01,Arkansas
Chicago Bulls,G,3,"Harrison, Shaquille (FA)",6 ft 7 in (2.01 m),190 lb (86 kg),1993–10–06,Tulsa
Chicago Bulls,G/F,15,"Hutchison, Chandler",6 ft 7 in (2.01 m),210 lb (95 kg),1996–04–26,Boise State
Chicago Bulls,F/C,2,"Kornet, Luke",7 ft 2 in (2.18 m),250 lb (113 kg),1995–07–15,Vanderbilt
Chicago Bulls,G/F,8,"LaVine, Zach",6 ft 6 in (1.98 m),200 lb (91 kg),1995–03–10,UCLA
Chicago Bulls,F/C,24,"Markkanen, Lauri",7 ft 0 in (2.13 m),240 lb (109 kg),1997–05–22,Arizona
Chicago Bulls,G,20,"Mokoka, Adam (TW)",6 ft 5 in (1.96 m),190 lb (86 kg),1998–07–18,France
Chicago Bulls,F,22,"Porter, Otto",6 ft 8 in (2.03 m),198 lb (90 kg),1993–06–03,Georgetown
Chicago Bulls,G,31,"Satoranský, Tomáš",6 ft 7 in (2.01 m),210 lb (95 kg),1991–10–30,Czech Republic
Chicago Bulls,G/F,28,"Strus, Max  (TW)",6 ft 5 in (1.96 m),215 lb (98 kg),1996–03–28,DePaul
Chicago Bulls,G,45,"Valentine, Denzel (FA)",6 ft 4 in (1.93 m),220 lb (100 kg),1993–11–16,Michigan State
Chicago Bulls,G,0,"White, Coby",6 ft 4 in (1.93 m),195 lb (88 kg),2000–02–16,North Carolina
Chicago Bulls,F,21,"Young, Thaddeus",6 ft 8 in (2.03 m),235 lb (107 kg),1988–06–21,Georgia Tech
Cleveland Cavaliers,F,–,"Bell, Jordan",6 ft 9 in (2.06 m),224 lb (102 kg),1995–01–07,Oregon
Cleveland Cavaliers,G,18,"Dellavedova, Matthew",6 ft 3 in (1.91 m),200 lb (91 kg),1990–09–08,Saint Mary's
Cleveland Cavaliers,C,3,"Drummond, Andre",6 ft 10 in (2.08 m),279 lb (127 kg),1993–08–10,Connecticut
Cleveland Cavaliers,G,1,"Exum, Dante",6 ft 5 in (1.96 m),214 lb (97 kg),1995–07–13,Australia
Cleveland Cavaliers,G,10,"Garland, Darius",6 ft 1 in (1.85 m),192 lb (87 kg),2000–01–26,Vanderbilt
Cleveland Cavaliers,F/C,0,"Love, Kevin",6 ft 8 in (2.03 m),251 lb (114 kg),1988–09–07,UCLA
Cleveland Cavaliers,F,28,"McKinnie, Alfonzo",6 ft 7 in (2.01 m),215 lb (98 kg),1992–09–17,Green Bay
Cleveland Cavaliers,G,31,"Mooney, Matt (TW)",6 ft 2 in (1.88 m),199 lb (90 kg),1995–02–07,Texas Tech
Cleveland Cavaliers,F/C,22,"Nance, Larry",6 ft 7 in (2.01 m),245 lb (111 kg),1993–01–01,Wyoming
Cleveland Cavaliers,F,16,"Osman, Cedi",6 ft 7 in (2.01 m),230 lb (104 kg),1995–04–08,Turkey
Cleveland Cavaliers,G/F,15,"Pointer, Sir'Dominic",6 ft 6 in (1.98 m),192 lb (87 kg),1992–05–06,St. John's
Cleveland Cavaliers,G/F,4,"Porter, Kevin ",6 ft 4 in (1.93 m),203 lb (92 kg),2000–05–04,Southern California
Cleveland Cavaliers,G,2,"Sexton, Collin",6 ft 1 in (1.85 m),190 lb (86 kg),1999–01–04,Alabama
Cleveland Cavaliers,F/C,13,"Thompson, Tristan",6 ft 9 in (2.06 m),254 lb (115 kg),1991–03–13,Texas
Cleveland Cavaliers,F/C,32,"Wade, Dean",6 ft 9 in (2.06 m),228 lb (103 kg),1996–11–20,Kansas State
Cleveland Cavaliers,G/F,9,"Windler, Dylan ",6 ft 6 in (1.98 m),196 lb (89 kg),1996–09–22,Belmont
Cleveland Cavaliers,C,41,"Žižić, Ante",6 ft 10 in (2.08 m),266 lb (121 kg),1997–01–04,Croatia
Detroit Pistons,G,18,"Bone, Jordan (TW, FA)",6 ft 3 in (1.91 m),180 lb (82 kg),1997–11–05,Tennessee
Detroit Pistons,G/F,6,"Brown, Bruce",6 ft 4 in (1.93 m),202 lb (92 kg),1996–08–15,Miami (FL)
Detroit Pistons,F,45,"Doumbouya, Sekou",6 ft 8 in (2.03 m),230 lb (104 kg),2000–12–23,France
Detroit Pistons,G,9,"Galloway, Langston (FA)",6 ft 1 in (1.85 m),200 lb (91 kg),1991–12–09,Saint Joseph's
Detroit Pistons,F,23,"Griffin, Blake ",6 ft 9 in (2.06 m),250 lb (113 kg),1989–03–16,Oklahoma
Detroit Pistons,F/C,31,"Henson, John (FA)",6 ft 9 in (2.06 m),219 lb (99 kg),1990–12–28,North Carolina
Detroit Pistons,G,5,"Kennard, Luke ",6 ft 5 in (1.96 m),206 lb (93 kg),1996–06–24,Duke
Detroit Pistons,F,14,"King, Louis (TW, FA)",6 ft 7 in (2.01 m),205 lb (93 kg),1999–04–06,Oregon
Detroit Pistons,G,20,"Knight, Brandon (FA)",6 ft 2 in (1.88 m),182 lb (83 kg),1991–12–02,Kentucky
Detroit Pistons,F/C,7,"Maker, Thon (FA)",7 ft 0 in (2.13 m),221 lb (100 kg),1997–02–25,Orangeville Prep (CAN)
Detroit Pistons,G,52,"McRae, Jordan (FA)",6 ft 5 in (1.96 m),179 lb (81 kg),1991–03–28,Tennessee
Detroit Pistons,G/F,19,"Mykhailiuk, Sviatoslav",6 ft 7 in (2.01 m),205 lb (93 kg),1997–06–10,Kansas
Detroit Pistons,C,—,"Patton, Justin",6 ft 11 in (2.11 m),241 lb (109 kg),1997–06–14,Creighton
Detroit Pistons,G,25,"Rose, Derrick ",6 ft 2 in (1.88 m),200 lb (91 kg),1988–10–04,Memphis
Detroit Pistons,G,17,"Snell, Tony",6 ft 6 in (1.98 m),213 lb (97 kg),1991–11–10,New Mexico
Detroit Pistons,G,13,"Thomas, Khyri",6 ft 3 in (1.91 m),210 lb (95 kg),1996–05–08,Creighton
Detroit Pistons,F,35,"Wood, Christian (FA)",6 ft 10 in (2.08 m),214 lb (97 kg),1995–09–27,UNLV
Indiana Pacers,F/C,88,"Bitadze, Goga",6 ft 11 in (2.11 m),250 lb (113 kg),1999–07–20,Georgia
Indiana Pacers,G/F,10,"Bowen, Brian (TW)",6 ft 6 in (1.98 m),190 lb (86 kg),1998–10–02,La Lumiere (IN)
Indiana Pacers,G,7,"Brogdon, Malcolm",6 ft 5 in (1.96 m),229 lb (104 kg),1992–12–11,Virginia
Indiana Pacers,G,3,"Holiday, Aaron",6 ft 0 in (1.83 m),185 lb (84 kg),1996–09–30,UCLA
Indiana Pacers,G/F,8,"Holiday, Justin",6 ft 6 in (1.98 m),180 lb (82 kg),1989–04–05,Washington
Indiana Pacers,F,24,"Johnson, Alize",6 ft 7 in (2.01 m),212 lb (96 kg),1996–04–22,Missouri State
Indiana Pacers,G/F,26,"Lamb, Jeremy",6 ft 5 in (1.96 m),180 lb (82 kg),1992–05–30,Connecticut
Indiana Pacers,F,22,"Leaf, T. J.",6 ft 10 in (2.08 m),222 lb (101 kg),1997–04–30,UCLA
Indiana Pacers,G,9,"McConnell, T. J.",6 ft 1 in (1.85 m),190 lb (86 kg),1992–03–25,Arizona
Indiana Pacers,F,20,"McDermott, Doug",6 ft 7 in (2.01 m),225 lb (102 kg),1992–01–03,Creighton
Indiana Pacers,G,15,"Mitrou-Long, Naz (TW)",6 ft 3 in (1.91 m),218 lb (99 kg),1993–08–03,Iowa State
Indiana Pacers,G,4,"Oladipo, Victor",6 ft 4 in (1.93 m),213 lb (97 kg),1992–05–04,Indiana
Indiana Pacers,F/C,11,"Sabonis, Domantas",6 ft 11 in (2.11 m),240 lb (109 kg),1996–05–03,Gonzaga
Indiana Pacers,F,14,"Sampson, JaKarr",6 ft 7 in (2.01 m),214 lb (97 kg),1993–02–20,St. John's
Indiana Pacers,G,5,"Sumner, Edmond",6 ft 4 in (1.93 m),196 lb (89 kg),1995–12–31,Xavier
Indiana Pacers,F/C,33,"Turner, Myles",6 ft 11 in (2.11 m),250 lb (113 kg),1996–03–24,Texas
Indiana Pacers,F,1,"Warren, T. J.",6 ft 8 in (2.03 m),220 lb (100 kg),1993–09–05,North Carolina State
Milwaukee Bucks,F,34,"Antetokounmpo, Giannis",6 ft 11 in (2.11 m),242 lb (110 kg),1994–12–06,Greece
Milwaukee Bucks,F,43,"Antetokounmpo, Thanasis",6 ft 6 in (1.98 m),219 lb (99 kg),1992–07–18,Greece
Milwaukee Bucks,G,6,"Bledsoe, Eric",6 ft 1 in (1.85 m),214 lb (97 kg),1989–12–09,Kentucky
Milwaukee Bucks,G/F,23,"Brown, Sterling",6 ft 5 in (1.96 m),219 lb (99 kg),1995–02–10,SMU
Milwaukee Bucks,G,24,"Connaughton, Pat",6 ft 5 in (1.96 m),209 lb (95 kg),1993–01–06,Notre Dame
Milwaukee Bucks,G,0,"DiVincenzo, Donte",6 ft 4 in (1.93 m),203 lb (92 kg),1997–01–31,Villanova
Milwaukee Bucks,G,3,"Hill, George",6 ft 3 in (1.91 m),188 lb (85 kg),1986–05–04,IUPUI
Milwaukee Bucks,F,7,"İlyasova, Ersan",6 ft 9 in (2.06 m),235 lb (107 kg),1987–05–15,Turkey
Milwaukee Bucks,G/F,26,"Korver, Kyle",6 ft 7 in (2.01 m),212 lb (96 kg),1981–03–17,Creighton
Milwaukee Bucks,C,11,"Lopez, Brook",7 ft 0 in (2.13 m),282 lb (128 kg),1988–04–01,Stanford
Milwaukee Bucks,C,42,"Lopez, Robin",7 ft 0 in (2.13 m),281 lb (127 kg),1988–04–01,Stanford
Milwaukee Bucks,G,15,"Mason, Frank (TW)",5 ft 11 in (1.80 m),190 lb (86 kg),1994–04–03,Kansas
Milwaukee Bucks,G,9,"Matthews, Wesley",6 ft 4 in (1.93 m),220 lb (100 kg),1986–10–14,Marquette
Milwaukee Bucks,F,22,"Middleton, Khris",6 ft 7 in (2.01 m),222 lb (101 kg),1991–08–12,Texas A&M
Milwaukee Bucks,G/F,13,"Reynolds, Cameron (TW)",6 ft 7 in (2.01 m),225 lb (102 kg),1995–02–07,Tulane
Milwaukee Bucks,F,20,"Williams, Marvin",6 ft 8 in (2.03 m),237 lb (108 kg),1986–06–19,North Carolina
Milwaukee Bucks,F,5,"Wilson, D. J.",6 ft 10 in (2.08 m),231 lb (105 kg),1996–02–19,Michigan
Atlanta Hawks,G/F,95,"Bembry, DeAndre' (FA)",6 ft 5 in (1.96 m),210 lb (95 kg),1994–07–04,Saint Joseph's
Atlanta Hawks,G,4,"Brown, Charlie (TW, FA)",6 ft 6 in (1.98 m),199 lb (90 kg),1998–02–02,Saint Joseph's
Atlanta Hawks,F/C,17,"Capela, Clint",6 ft 10 in (2.08 m),240 lb (109 kg),1994–05–18,Switzerland
Atlanta Hawks,F,20,"Collins, John",6 ft 9 in (2.06 m),235 lb (107 kg),1997–09–23,Wake Forest
Atlanta Hawks,C,14,"Dedmon, Dewayne",7 ft 0 in (2.13 m),245 lb (111 kg),1989–08–12,Southern California
Atlanta Hawks,F/C,24,"Fernando, Bruno",6 ft 9 in (2.06 m),240 lb (109 kg),1998–08–15,Maryland
Atlanta Hawks,G,0,"Goodwin, Brandon (FA)",6 ft 0 in (1.83 m),180 lb (82 kg),1995–10–02,Florida Gulf Coast
Atlanta Hawks,G/F,2,"Graham, Treveon",6 ft 5 in (1.96 m),219 lb (99 kg),1993–10–28,Virginia Commonwealth
Atlanta Hawks,G/F,3,"Huerter, Kevin",6 ft 7 in (2.01 m),190 lb (86 kg),1998–08–27,Maryland
Atlanta Hawks,G/F,12,"Hunter, De'Andre",6 ft 7 in (2.01 m),225 lb (102 kg),1997–12–02,Virginia
Atlanta Hawks,C,30,"Jones, Damian (FA)",6 ft 11 in (2.11 m),245 lb (111 kg),1995–06–30,Vanderbilt
Atlanta Hawks,F,7,"Labissière, Skal (FA)",6 ft 10 in (2.08 m),235 lb (107 kg),1996–03–18,Kentucky
Atlanta Hawks,G/F,22,"Reddish, Cam",6 ft 8 in (2.03 m),218 lb (99 kg),1999–09–01,Duke
Atlanta Hawks,G,0,"Teague, Jeff (FA)",6 ft 3 in (1.91 m),195 lb (88 kg),1988–06–10,Wake Forest
Atlanta Hawks,G,11,"Young, Trae",6 ft 1 in (1.85 m),180 lb (82 kg),1998–09–19,Oklahoma
Charlotte Hornets,G/F,7,"Bacon, Dwayne (FA)",6 ft 6 in (1.98 m),221 lb (100 kg),1995–08–30,Florida State
Charlotte Hornets,G/F,5,"Batum, Nicolas ",6 ft 9 in (2.06 m),230 lb (104 kg),1988–12–14,France
Charlotte Hornets,C,8,"Biyombo, Bismack (FA)",6 ft 8 in (2.03 m),255 lb (116 kg),1992–08–28,Republic of the Congo
Charlotte Hornets,F,0,"Bridges, Miles",6 ft 6 in (1.98 m),225 lb (102 kg),1998–03–21,Michigan State
Charlotte Hornets,G,31,"Chealey, Joe",6 ft 4 in (1.93 m),190 lb (86 kg),1995–11–01,College of Charleston
Charlotte Hornets,G,4,"Graham, Devonte'",6 ft 1 in (1.85 m),195 lb (88 kg),1995–02–22,Kansas
Charlotte Hornets,F/C,9,"Hernangómez, Willy (FA)",6 ft 11 in (2.11 m),250 lb (113 kg),1994–05–27,Spain
Charlotte Hornets,F,10,"Martin, Caleb",6 ft 5 in (1.96 m),205 lb (93 kg),1995–09–28,Nevada
Charlotte Hornets,F,11,"Martin, Cody",6 ft 5 in (1.96 m),205 lb (93 kg),1995–09–28,Nevada
Charlotte Hornets,F/C,6,"McDaniels, Jalen",6 ft 10 in (2.08 m),205 lb (93 kg),1998–01–31,San Diego State
Charlotte Hornets,G,1,"Monk, Malik (S)",6 ft 3 in (1.91 m),200 lb (91 kg),1998–02–04,Kentucky
Charlotte Hornets,G,3,"Rozier, Terry",6 ft 1 in (1.85 m),190 lb (86 kg),1994–03–17,Louisville
Charlotte Hornets,G,23,"Simmons, Kobi (TW, FA)",6 ft 5 in (1.96 m),180 lb (82 kg),1997–07–04,Arizona
Charlotte Hornets,F,26,"Spalding, Ray (TW)",6 ft 9 in (2.06 m),225 lb (102 kg),1997–03–11,Louisville
Charlotte Hornets,F,25,"Washington, P. J.",6 ft 7 in (2.01 m),230 lb (104 kg),1998–08–23,Kentucky
Charlotte Hornets,F/C,40,"Zeller, Cody",7 ft 0 in (2.13 m),240 lb (109 kg),1992–10–05,Indiana
Miami Heat,F/C,13,"Adebayo, Bam",6 ft 9 in (2.06 m),255 lb (116 kg),1997–07–18,Kentucky
Miami Heat,F/C,17,"Alexander, Kyle (TW)",6 ft 10 in (2.08 m),216 lb (98 kg),1996–10–21,Tennessee
Miami Heat,F,22,"Butler, Jimmy (C)",6 ft 7 in (2.01 m),230 lb (104 kg),1989–09–14,Marquette
Miami Heat,F,99,"Crowder, Jae",6 ft 6 in (1.98 m),235 lb (107 kg),1990–07–06,Marquette
Miami Heat,G,7,"Dragić, Goran",6 ft 3 in (1.91 m),190 lb (86 kg),1986–05–06,Slovenia
Miami Heat,F,40,"Haslem, Udonis (C)",6 ft 8 in (2.03 m),235 lb (107 kg),1980–06–09,Florida
Miami Heat,G,14,"Herro, Tyler",6 ft 5 in (1.96 m),195 lb (88 kg),1/20/2000,Kentucky
Miami Heat,F,44,"Hill, Solomon",6 ft 6 in (1.98 m),226 lb (103 kg),1991–03–18,Arizona
Miami Heat,G/F,28,"Iguodala, Andre",6 ft 6 in (1.98 m),215 lb (98 kg),1984–01–28,Arizona
Miami Heat,F,5,"Jones, Derrick",6 ft 6 in (1.98 m),210 lb (95 kg),1997–02–15,UNLV
Miami Heat,F/C,0,"Leonard, Meyers",7 ft 0 in (2.13 m),260 lb (118 kg),1992–02–27,Illinois
Miami Heat,G,25,"Nunn, Kendrick",6 ft 2 in (1.88 m),190 lb (86 kg),1995–08–03,Oakland
Miami Heat,G/F,4,"Okpala, KZ",6 ft 8 in (2.03 m),215 lb (98 kg),1999–04–28,Stanford
Miami Heat,F/C,9,"Olynyk, Kelly",6 ft 11 in (2.11 m),240 lb (109 kg),1991–04–19,Gonzaga
Miami Heat,F,55,"Robinson, Duncan",6 ft 7 in (2.01 m),215 lb (98 kg),1994–04–22,Michigan
Miami Heat,F,30,"Silva, Chris",6 ft 8 in (2.03 m),234 lb (106 kg),1996–09–19,South Carolina
Miami Heat,G,2,"Vincent, Gabe (TW)",6 ft 3 in (1.91 m),200 lb (91 kg),1996–06–14,UC Santa Barbara
Orlando Magic,F,2,"Aminu, Al-Farouq ",6 ft 8 in (2.03 m),220 lb (100 kg),1990–09–21,Wake Forest
Orlando Magic,G,14,"Augustin, D. J. (FA)",5 ft 11 in (1.80 m),183 lb (83 kg),1987–11–10,Texas
Orlando Magic,C,5,"Bamba, Mohamed",7 ft 0 in (2.13 m),231 lb (105 kg),1998–05–12,Texas
Orlando Magic,C,24,"Birch, Khem",6 ft 9 in (2.06 m),220 lb (100 kg),1992–09–28,UNLV
Orlando Magic,G,7,"Carter-Williams, Michael (FA)",6 ft 5 in (1.96 m),190 lb (86 kg),1991–10–10,Syracuse
Orlando Magic,F,12,"Clark, Gary (FA)",6 ft 6 in (1.98 m),225 lb (102 kg),1994–11–16,Cincinnati
Orlando Magic,F,11,"Ennis, James",6 ft 6 in (1.98 m),215 lb (98 kg),1990–07–01,Long Beach State
Orlando Magic,G/F,10,"Fournier, Evan",6 ft 7 in (2.01 m),205 lb (93 kg),1992–10–29,France
Orlando Magic,G/F,35,"Frazier, Melvin",6 ft 5 in (1.96 m),215 lb (98 kg),1996–08–30,Tulane
Orlando Magic,G,20,"Fultz, Markelle",6 ft 3 in (1.91 m),209 lb (95 kg),1998–05–29,Washington
Orlando Magic,F,0,"Gordon, Aaron",6 ft 8 in (2.03 m),235 lb (107 kg),1995–09–16,Arizona
Orlando Magic,F,1,"Isaac, Jonathan ",6 ft 11 in (2.11 m),230 lb (104 kg),1997–10–03,Florida State
Orlando Magic,F,25,"Iwundu, Wes (FA)",6 ft 6 in (1.98 m),195 lb (88 kg),1994–12–20,Kansas State
Orlando Magic,G,13,"Johnson, B. J. (TW, FA)",6 ft 7 in (2.01 m),200 lb (91 kg),1995–12–21,La Salle
Orlando Magic,F,23,"Law, Vic (TW, FA)",6 ft 7 in (2.01 m),200 lb (91 kg),1995–12–19,Northwestern
Orlando Magic,G/F,31,"Ross, Terrence",6 ft 6 in (1.98 m),206 lb (93 kg),1991–02–05,Washington
Orlando Magic,C,9,"Vučević, Nikola",6 ft 11 in (2.11 m),260 lb (118 kg),1990–10–24,Southern California
Washington Wizards,G,3,"Beal, Bradley ",6 ft 3 in (1.91 m),207 lb (94 kg),1993–06–28,Florida
Washington Wizards,F,42,"Bertāns, Dāvis (FA)",6 ft 10 in (2.08 m),225 lb (102 kg),1992–11–12,Latvia
Washington Wizards,G,17,"Bonga, Isaac",6 ft 8 in (2.03 m),180 lb (82 kg),1999–11–08,Germany
Washington Wizards,G/F,6,"Brown, Troy",6 ft 6 in (1.98 m),215 lb (98 kg),1999–07–28,Oregon
Washington Wizards,F/C,13,"Bryant, Thomas",6 ft 10 in (2.08 m),248 lb (112 kg),1997–07–31,Indiana
Washington Wizards,G,22,"Grant, Jerian (FA)",6 ft 4 in (1.93 m),198 lb (90 kg),1997–07–31,Notre Dame
Washington Wizards,F,8,"Hachimura, Rui",6 ft 8 in (2.03 m),230 lb (104 kg),1998–02–08,Gonzaga
Washington Wizards,C,28,"Mahinmi, Ian (FA)",6 ft 11 in (2.11 m),262 lb (119 kg),1986–11–05,France
Washington Wizards,G,24,"Mathews, Garrison (TW, FA)",6 ft 5 in (1.96 m),215 lb (98 kg),1996–10–24,Lipscomb
Washington Wizards,G,5,"Napier, Shabazz (FA)",6 ft 0 in (1.83 m),175 lb (79 kg),1991–07–14,Connecticut
Washington Wizards,F/C,18,"Pasečņiks, Anžejs",7 ft 2 in (2.18 m),229 lb (104 kg),1995–12–20,Latvia
Washington Wizards,G,20,"Payton, Gary (FA)",6 ft 3 in (1.91 m),195 lb (88 kg),1992–12–01,Oregon State
Washington Wizards,G,12,"Robinson, Jerome",6 ft 4 in (1.93 m),190 lb (86 kg),1997–02–22,Boston College
Washington Wizards,G/F,1,"Schofield, Admiral",6 ft 5 in (1.96 m),241 lb (109 kg),1997–03–30,Tennessee
Washington Wizards,G,14,"Smith, Ish",6 ft 0 in (1.83 m),175 lb (79 kg),1988–07–05,Wake Forest
Washington Wizards,F,7,"Uthoff, Jarrod (FA)",6 ft 9 in (2.06 m),220 lb (100 kg),1993–05–19,Iowa
Washington Wizards,F/C,21,"Wagner, Moritz",6 ft 11 in (2.11 m),245 lb (111 kg),1997–04–26,Michigan
Washington Wizards,G,2,"Wall, John ",6 ft 4 in (1.93 m),210 lb (95 kg),1990–09–06,Kentucky
Denver Nuggets,G,5,"Barton, Will",6 ft 5 in (1.96 m),181 lb (82 kg),1991–01–06,Memphis
Denver Nuggets,F,6,"Bates-Diop, Keita",6 ft 8 in (2.03 m),229 lb (104 kg),1996–01–23,Ohio State
Denver Nuggets,F/C,10,"Bol, Bol (TW)",7 ft 2 in (2.18 m),220 lb (100 kg),1999–11–16,Oregon
Denver Nuggets,F,31,"Čančar, Vlatko",6 ft 8 in (2.03 m),236 lb (107 kg),1997–04–10,Slovenia
Denver Nuggets,F,25,"Cook, Tyler (TW)",6 ft 8 in (2.03 m),255 lb (116 kg),1997–09–23,Iowa
Denver Nuggets,F,3,"Craig, Torrey (FA)",6 ft 7 in (2.01 m),221 lb (100 kg),1990–12–19,USC Upstate
Denver Nuggets,G,30,"Daniels, Troy (FA)",6 ft 4 in (1.93 m),200 lb (91 kg),1991–06–15,Virginia Commonwealth
Denver Nuggets,G/F,35,"Dozier, PJ",6 ft 6 in (1.98 m),205 lb (93 kg),1996–10–25,South Carolina
Denver Nuggets,F,9,"Grant, Jerami",6 ft 8 in (2.03 m),210 lb (95 kg),1994–03–12,Syracuse
Denver Nuggets,G,14,"Harris, Gary",6 ft 4 in (1.93 m),210 lb (95 kg),1994–09–14,Michigan State
Denver Nuggets,C,15,"Jokić, Nikola (C)",7 ft 0 in (2.13 m),284 lb (129 kg),1995–02–19,Serbia
Denver Nuggets,F,4,"Millsap, Paul (FA)",6 ft 7 in (2.01 m),257 lb (117 kg),1985–02–10,Louisiana Tech
Denver Nuggets,G,11,"Morris, Monté",6 ft 2 in (1.88 m),183 lb (83 kg),1995–06–27,Iowa State
Denver Nuggets,G,27,"Murray, Jamal",6 ft 4 in (1.93 m),215 lb (98 kg),1997–02–23,Kentucky
Denver Nuggets,F/C,7,"Plumlee, Mason (FA)",6 ft 11 in (2.11 m),254 lb (115 kg),1990–03–05,Duke
Denver Nuggets,F,1,"Porter, Michael",6 ft 10 in (2.08 m),218 lb (99 kg),1998–06–29,Missouri
Denver Nuggets,F,32,"Vonleh, Noah (FA)",6 ft 10 in (2.08 m),257 lb (117 kg),1995–08–24,Indiana
Minnesota Timberwolves,G,5,"Beasley, Malik",6 ft 4 in (1.93 m),187 lb (85 kg),1996–11–26,Florida State
Minnesota Timberwolves,G/F,23,"Culver, Jarrett",6 ft 6 in (1.98 m),195 lb (88 kg),1999–02–20,Texas Tech
Minnesota Timberwolves,G/F,12,"Evans, Jacob",6 ft 4 in (1.93 m),210 lb (95 kg),1997–06–18,Cincinnati
Minnesota Timberwolves,F,41,"Hernangómez, Juan",6 ft 9 in (2.06 m),214 lb (97 kg),1995–09–28,Spain
Minnesota Timberwolves,F,16,"Johnson, James",6 ft 7 in (2.01 m),240 lb (109 kg),1987–02–20,Wake Forest
Minnesota Timberwolves,F,10,"Layman, Jake",6 ft 8 in (2.03 m),209 lb (95 kg),1994–03–07,Maryland
Minnesota Timberwolves,F,30,"Martin, Kelan (TW)",6 ft 5 in (1.96 m),230 lb (104 kg),1995–08–03,Butler
Minnesota Timberwolves,G,6,"McLaughlin, Jordan (TW)",5 ft 11 in (1.80 m),185 lb (84 kg),1996–04–09,Southern California
Minnesota Timberwolves,G,4,"Nowell, Jaylen",6 ft 4 in (1.93 m),201 lb (91 kg),1999–07–09,Washington
Minnesota Timberwolves,G,20,"Okogie, Josh",6 ft 4 in (1.93 m),213 lb (97 kg),1998–09–01,Georgia Tech
Minnesota Timberwolves,F/C,11,"Reid, Naz",6 ft 9 in (2.06 m),264 lb (120 kg),1999–08–26,LSU
Minnesota Timberwolves,G,0,"Russell, D'Angelo",6 ft 4 in (1.93 m),193 lb (88 kg),1996–02–23,Ohio State
Minnesota Timberwolves,F,14,"Spellman, Omari",6 ft 8 in (2.03 m),245 lb (111 kg),1997–07–21,Villanova
Minnesota Timberwolves,F/C,32,"Towns, Karl-Anthony",6 ft 11 in (2.11 m),248 lb (112 kg),1995–11–15,Kentucky
Minnesota Timberwolves,G/F,1,"Turner, Evan",6 ft 6 in (1.98 m),220 lb (100 kg),1988–06–10,Ohio State
Minnesota Timberwolves,F,3,"Vanderbilt, Jarred",6 ft 9 in (2.06 m),214 lb (97 kg),1999–04–03,Kentucky
Oklahoma City Thunder,C,12,"Adams, Steven",6 ft 11 in (2.11 m),265 lb (120 kg),1993–07–20,Pittsburgh
Oklahoma City Thunder,G/F,7,"Bazley, Darius",6 ft 8 in (2.03 m),208 lb (94 kg),2000–06–12,Princeton HS (OH)
Oklahoma City Thunder,G/F,30,"Burton, Deonte",6 ft 4 in (1.93 m),240 lb (109 kg),1994–01–31,Iowa State
Oklahoma City Thunder,G,6,"Diallo, Hamidou",6 ft 5 in (1.96 m),202 lb (92 kg),1998–07–31,Kentucky
Oklahoma City Thunder,G,5,"Dort, Luguentz",6 ft 3 in (1.91 m),215 lb (98 kg),1999–04–19,Arizona State
Oklahoma City Thunder,G,23,"Ferguson, Terrance",6 ft 6 in (1.98 m),190 lb (86 kg),1998–05–17,Advanced Prep International (TX)
Oklahoma City Thunder,F,8,"Gallinari, Danilo (FA)",6 ft 10 in (2.08 m),233 lb (106 kg),1988–08–08,Italy
Oklahoma City Thunder,G/F,2,"Gilgeous-Alexander, Shai",6 ft 5 in (1.96 m),180 lb (82 kg),1998–07–12,Kentucky
Oklahoma City Thunder,G,14,"Hall, Devon (TW)",6 ft 5 in (1.96 m),215 lb (98 kg),1995–07–07,Virginia
Oklahoma City Thunder,F/C,33,"Muscala, Mike",6 ft 10 in (2.08 m),240 lb (109 kg),1991–07–01,Bucknell
Oklahoma City Thunder,F,11,"Nader, Abdel",6 ft 5 in (1.96 m),225 lb (102 kg),1993–09–25,Iowa State
Oklahoma City Thunder,F/C,9,"Noel, Nerlens (FA)",6 ft 10 in (2.08 m),220 lb (100 kg),1994–04–10,Kentucky
Oklahoma City Thunder,G,3,"Paul, Chris",6 ft 1 in (1.85 m),175 lb (79 kg),1985–05–06,Wake Forest
Oklahoma City Thunder,G/F,21,"Roberson, André (FA)",6 ft 7 in (2.01 m),210 lb (95 kg),1991–12–04,Colorado
Oklahoma City Thunder,F,22,"Roby, Isaiah ",6 ft 8 in (2.03 m),230 lb (104 kg),1998–02–03,Nebraska
Oklahoma City Thunder,G,17,"Schröder, Dennis",6 ft 1 in (1.85 m),172 lb (78 kg),1993–09–15,Germany
Portland Trail Blazers,G,10,"Adams, Jaylen (FA)",6 ft 0 in (1.83 m),225 lb (102 kg),1996–05–04,St. Bonaventure
Portland Trail Blazers,F,0,"Anthony, Carmelo (FA)",6 ft 8 in (2.03 m),240 lb (109 kg),1984–05–29,Syracuse
Portland Trail Blazers,F,8,"Ariza, Trevor",6 ft 8 in (2.03 m),215 lb (98 kg),1985–06–30,UCLA
Portland Trail Blazers,C,4,"Brown, Moses (TW, FA)",7 ft 1 in (2.16 m),245 lb (111 kg),1999–10–13,UCLA
Portland Trail Blazers,F/C,33,"Collins, Zach",7 ft 0 in (2.13 m),235 lb (107 kg),1997–11–19,Gonzaga
Portland Trail Blazers,F,35,"Gabriel, Wenyen (FA)",6 ft 9 in (2.06 m),205 lb (93 kg),1997–03–26,Kentucky
Portland Trail Blazers,F,44,"Hezonja, Mario",6 ft 8 in (2.03 m),225 lb (102 kg),1995–02–25,Croatia
Portland Trail Blazers,F,6,"Hoard, Jaylen (TW, FA)",6 ft 8 in (2.03 m),215 lb (98 kg),1999–03–30,Wake Forest
Portland Trail Blazers,F,5,"Hood, Rodney ",6 ft 8 in (2.03 m),206 lb (93 kg),1992–10–20,Duke
Portland Trail Blazers,G,0,"Lillard, Damian",6 ft 3 in (1.91 m),195 lb (88 kg),1990–07–15,Weber State
Portland Trail Blazers,F,9,"Little, Nassir",6 ft 6 in (1.98 m),220 lb (100 kg),2000–02–11,North Carolina
Portland Trail Blazers,G,3,"McCollum, CJ",6 ft 3 in (1.91 m),190 lb (86 kg),1991–09–19,Lehigh
Portland Trail Blazers,C,27,"Nurkić, Jusuf",7 ft 0 in (2.13 m),275 lb (125 kg),1994–08–23,Bosnia and Herzegovina
Portland Trail Blazers,G,1,"Simons, Anfernee",6 ft 4 in (1.93 m),185 lb (84 kg),1999–06–08,IMG Academy (FL)
Portland Trail Blazers,F,50,"Swanigan, Caleb (FA)",6 ft 9 in (2.06 m),260 lb (118 kg),1997–04–18,Purdue
Portland Trail Blazers,G,2,"Trent, Gary",6 ft 6 in (1.98 m),205 lb (93 kg),1999–01–18,Duke
Portland Trail Blazers,C,21,"Whiteside, Hassan (FA)",7 ft 0 in (2.13 m),265 lb (120 kg),1989–06–13,Marshall
Utah Jazz,F,44,"Bogdanović, Bojan ",6 ft 8 in (2.03 m),226 lb (103 kg),1989–04–18,Croatia
Utah Jazz,F/C,13,"Bradley, Tony",6 ft 10 in (2.08 m),248 lb (112 kg),1998–01–08,North Carolina
Utah Jazz,F,5,"Brantley, Jarrell (TW, FA)",6 ft 5 in (1.96 m),250 lb (113 kg),1996–06–07,College of Charleston
Utah Jazz,G,0,"Clarkson, Jordan (FA)",6 ft 4 in (1.93 m),194 lb (88 kg),1992–06–07,Missouri
Utah Jazz,G,10,"Conley, Mike",6 ft 1 in (1.85 m),175 lb (79 kg),1987–10–11,Ohio State
Utah Jazz,F/C,17,"Davis, Ed",6 ft 9 in (2.06 m),218 lb (99 kg),1989–06–05,North Carolina
Utah Jazz,C,27,"Gobert, Rudy",7 ft 1 in (2.16 m),258 lb (117 kg),1992–06–26,France
Utah Jazz,G/F,2,"Ingles, Joe",6 ft 7 in (2.01 m),220 lb (100 kg),1987–10–02,Australia
Utah Jazz,G,45,"Mitchell, Donovan",6 ft 1 in (1.85 m),215 lb (98 kg),1996–09–07,Louisville
Utah Jazz,F,16,"Morgan, Juwan (FA)",6 ft 7 in (2.01 m),232 lb (105 kg),1997–04–17,Indiana
Utah Jazz,G,15,"Mudiay, Emmanuel (FA)",6 ft 3 in (1.91 m),200 lb (91 kg),1996–03–05,Prime Prep Academy (TX)
Utah Jazz,F,31,"Niang, Georges",6 ft 7 in (2.01 m),230 lb (104 kg),1993–06–17,Iowa State
Utah Jazz,F,23,"O'Neale, Royce",6 ft 4 in (1.93 m),226 lb (103 kg),1993–06–05,Baylor
Utah Jazz,G/F,81,"Oni, Miye",6 ft 5 in (1.96 m),206 lb (93 kg),1997–08–04,Yale
Utah Jazz,G,6,"Tucker, Rayjon",6 ft 3 in (1.91 m),209 lb (95 kg),1997–09–24,Little Rock
Utah Jazz,G,0,"Williams-Goss, Nigel",6 ft 2 in (1.88 m),190 lb (86 kg),1994–09–16,Gonzaga
Utah Jazz,G,3,"Wright-Foreman, Justin (TW, FA)",6 ft 0 in (1.83 m),190 lb (86 kg),1997–10–27,Hofstra
Golden State Warriors,G,12,"Bowman, Ky",6 ft 1 in (1.85 m),187 lb (85 kg),1997–06–17,Boston College
Golden State Warriors,F,32,"Chriss, Marquese",6 ft 9 in (2.06 m),240 lb (109 kg),1997–07–02,Washington
Golden State Warriors,G,30,"Curry, Stephen (C)",6 ft 3 in (1.91 m),185 lb (84 kg),1988–03–14,Davidson
Golden State Warriors,F,23,"Green, Draymond",6 ft 6 in (1.98 m),230 lb (104 kg),1990–03–04,Michigan State
Golden State Warriors,G/F,1,"Lee, Damion",6 ft 5 in (1.96 m),210 lb (95 kg),1992–10–21,Louisville
Golden State Warriors,F,5,"Looney, Kevon ",6 ft 9 in (2.06 m),222 lb (101 kg),1996–02–06,UCLA
Golden State Warriors,G,15,"Mulder, Mychal",6 ft 3 in (1.91 m),184 lb (83 kg),1994–06–14,Kentucky
Golden State Warriors,F,7,"Paschall, Eric",6 ft 6 in (1.98 m),255 lb (116 kg),1996–11–04,Villanova
Golden State Warriors,G,3,"Poole, Jordan",6 ft 4 in (1.93 m),194 lb (88 kg),1999–06–19,Michigan
Golden State Warriors,F,6,"Smailagić, Alen",6 ft 10 in (2.08 m),215 lb (98 kg),2000–08–18,Serbia
Golden State Warriors,G,11,"Thompson, Klay ",6 ft 6 in (1.98 m),215 lb (98 kg),1990–02–08,Washington State
Golden State Warriors,F,95,"Toscano-Anderson, Juan",6 ft 6 in (1.98 m),209 lb (95 kg),1993–04–10,Marquette
Golden State Warriors,F,22,"Wiggins, Andrew",6 ft 7 in (2.01 m),197 lb (89 kg),1995–02–23,Kansas
Los Angeles Clippers,G,21,"Beverley, Patrick",6 ft 1 in (1.85 m),180 lb (82 kg),1988–07–12,Arkansas
Los Angeles Clippers,G/F,7,"Coffey, Amir (TW)",6 ft 7 in (2.01 m),210 lb (95 kg),1997–06–17,Minnesota
Los Angeles Clippers,F,13,"George, Paul",6 ft 8 in (2.03 m),220 lb (100 kg),1990–05–02,Fresno State
Los Angeles Clippers,F/C,4,"Green, JaMychal",6 ft 8 in (2.03 m),227 lb (103 kg),1990–06–21,Alabama
Los Angeles Clippers,F/C,5,"Harrell, Montrezl (FA)",6 ft 7 in (2.01 m),240 lb (109 kg),1994–01–26,Louisville
Los Angeles Clippers,G,1,"Jackson, Reggie (FA)",6 ft 3 in (1.91 m),208 lb (94 kg),1990–04–16,Boston College
Los Angeles Clippers,F/C,25,"Kabengele, Mfiondu",6 ft 9 in (2.06 m),250 lb (113 kg),1997–08–14,Florida State
Los Angeles Clippers,F,2,"Leonard, Kawhi",6 ft 7 in (2.01 m),225 lb (102 kg),1991–06–29,San Diego State
Los Angeles Clippers,G/F,14,"Mann, Terance",6 ft 5 in (1.96 m),215 lb (98 kg),1996–10–18,Florida State
Los Angeles Clippers,G,19,"McGruder, Rodney",6 ft 4 in (1.93 m),205 lb (93 kg),1991–07–29,Kansas State
Los Angeles Clippers,F,31,"Morris, Marcus (FA)",6 ft 8 in (2.03 m),218 lb (99 kg),1989–09–02,Kansas
Los Angeles Clippers,F,15,"Motley, Johnathan (TW, FA)",6 ft 8 in (2.03 m),230 lb (104 kg),1995–05–04,Baylor
Los Angeles Clippers,F/C,55,"Noah, Joakim",6 ft 11 in (2.11 m),232 lb (105 kg),1985–02–25,Florida
Los Angeles Clippers,F,54,"Patterson, Patrick (FA)",6 ft 8 in (2.03 m),235 lb (107 kg),1989–03–14,Kentucky
Los Angeles Clippers,G,20,"Shamet, Landry ",6 ft 4 in (1.93 m),190 lb (86 kg),1997–03–13,Wichita State
Los Angeles Clippers,G,23,"Williams, Lou",6 ft 1 in (1.85 m),175 lb (79 kg),1986–10–27,South Gwinnett HS (GA)
Los Angeles Clippers,C,40,"Zubac, Ivica",7 ft 0 in (2.13 m),240 lb (109 kg),1997–03–18,Croatia
Los Angeles Lakers,F,37,"Antetokounmpo, Kostas (TW)",6 ft 10 in (2.08 m),200 lb (91 kg),1997–11–20,Dayton
Los Angeles Lakers,G,11,"Bradley, Avery (L)",6 ft 3 in (1.91 m),180 lb (82 kg),1990–11–26,Texas
Los Angeles Lakers,F,12,"Cacok, Devontae (TW)",6 ft 8 in (2.03 m),240 lb (109 kg),1996–10–08,UNC Wilmington
Los Angeles Lakers,G,1,"Caldwell-Pope, Kentavious",6 ft 5 in (1.96 m),204 lb (93 kg),1993–02–18,Georgia
Los Angeles Lakers,G,4,"Caruso, Alex",6 ft 5 in (1.96 m),186 lb (84 kg),1994–02–28,Texas A&M
Los Angeles Lakers,G,28,"Cook, Quinn",6 ft 1 in (1.85 m),180 lb (82 kg),1993–03–23,Duke
Los Angeles Lakers,F/C,3,"Davis, Anthony",6 ft 10 in (2.08 m),253 lb (115 kg),1993–03–11,Kentucky
Los Angeles Lakers,F,10,"Dudley, Jared",6 ft 6 in (1.98 m),237 lb (108 kg),1985–07–10,Boston College
Los Angeles Lakers,G/F,14,"Green, Danny",6 ft 6 in (1.98 m),215 lb (98 kg),1987–06–22,North Carolina
Los Angeles Lakers,G,5,"Horton-Tucker, Talen",6 ft 4 in (1.93 m),234 lb (106 kg),2000–11–25,Iowa State
Los Angeles Lakers,C,39,"Howard, Dwight",6 ft 10 in (2.08 m),265 lb (120 kg),1985–12–08,SW Atlanta Academy (GA)
Los Angeles Lakers,F,23,"James, LeBron",6 ft 9 in (2.06 m),250 lb (113 kg),1984–12–30,St. Vincent–St. Mary HS (OH)
Los Angeles Lakers,F,0,"Kuzma, Kyle",6 ft 8 in (2.03 m),221 lb (100 kg),1995–07–24,Utah
Los Angeles Lakers,C,7,"McGee, JaVale",7 ft 0 in (2.13 m),270 lb (122 kg),1988–01–19,Nevada
Los Angeles Lakers,F,88,"Morris, Markieff",6 ft 8 in (2.03 m),245 lb (111 kg),1989–09–02,Kansas
Los Angeles Lakers,G,9,"Rondo, Rajon",6 ft 1 in (1.85 m),180 lb (82 kg),1986–02–22,Kentucky
Los Angeles Lakers,G/F,21,"Smith, J. R.",6 ft 6 in (1.98 m),225 lb (102 kg),1985–09–09,Saint Benedict's Prep (NJ)
Los Angeles Lakers,G,18,"Waiters, Dion",6 ft 3 in (1.91 m),210 lb (95 kg),1991–12–10,Syracuse
Phoenix Suns,C,22,"Ayton, Deandre",6 ft 11 in (2.11 m),250 lb (113 kg),1998–07–23,Arizona
Phoenix Suns,F/C,46,"Baynes, Aron (FA)",6 ft 10 in (2.08 m),260 lb (118 kg),1986–12–09,Washington State
Phoenix Suns,G,1,"Booker, Devin",6 ft 5 in (1.96 m),206 lb (93 kg),1996–10–30,Kentucky
Phoenix Suns,F,25,"Bridges, Mikal",6 ft 6 in (1.98 m),209 lb (95 kg),1996–08–30,Villanova
Phoenix Suns,G,4,"Carter, Jevon (FA)",6 ft 1 in (1.85 m),200 lb (91 kg),1995–09–14,West Virginia
Phoenix Suns,F/C,14,"Diallo, Cheick",6 ft 8 in (2.03 m),219 lb (99 kg),1996–09–13,Kansas
Phoenix Suns,G/F,10,"Jerome, Ty",6 ft 5 in (1.96 m),195 lb (88 kg),1997–07–08,Virginia
Phoenix Suns,F,23,"Johnson, Cameron",6 ft 8 in (2.03 m),210 lb (95 kg),1996–03–03,North Carolina
Phoenix Suns,F/C,8,"Kaminsky, Frank",7 ft 0 in (2.13 m),240 lb (109 kg),1993–04–04,Wisconsin
Phoenix Suns,G,0,"Lecque, Jalen",6 ft 4 in (1.93 m),185 lb (84 kg),2000–06–13,Brewster Academy (NH)
Phoenix Suns,G/F,2,"Okobo, Élie",6 ft 2 in (1.88 m),190 lb (86 kg),1997–10–23,France
Phoenix Suns,G/F,3,"Oubre, Kelly ",6 ft 7 in (2.01 m),203 lb (92 kg),1995–12–09,Kansas
Phoenix Suns,F,41,"Owens, Tariq (TW, FA)",6 ft 10 in (2.08 m),205 lb (93 kg),1995–06–30,Texas Tech
Phoenix Suns,G,15,"Payne, Cameron",6 ft 1 in (1.85 m),183 lb (83 kg),1994–08–08,Murray State
Phoenix Suns,G,11,"Rubio, Ricky",6 ft 3 in (1.91 m),190 lb (86 kg),1990–10–21,Spain
Phoenix Suns,F,20,"Šarić, Dario (FA)",6 ft 10 in (2.08 m),225 lb (102 kg),1994–04–08,Croatia
Sacramento Kings,F,35,"Bagley, Marvin",6 ft 11 in (2.11 m),235 lb (107 kg),1999–03–14,Duke
Sacramento Kings,F,40,"Barnes, Harrison",6 ft 8 in (2.03 m),225 lb (102 kg),1992–05–30,North Carolina
Sacramento Kings,G,26,"Bazemore, Kent",6 ft 5 in (1.96 m),201 lb (91 kg),1989–07–01,Old Dominion
Sacramento Kings,F,88,"Bjelica, Nemanja",6 ft 10 in (2.08 m),234 lb (106 kg),1988–05–09,Serbia
Sacramento Kings,G,8,"Bogdanović, Bogdan",6 ft 6 in (1.98 m),220 lb (100 kg),1992–08–18,Serbia
Sacramento Kings,G/F,13,"Brewer, Corey",6 ft 9 in (2.06 m),186 lb (84 kg),1986–03–05,Florida
Sacramento Kings,G,3,"Ferrell, Yogi",6 ft 0 in (1.83 m),178 lb (81 kg),1993–05–09,Indiana
Sacramento Kings,G,5,"Fox, De'Aaron",6 ft 3 in (1.91 m),185 lb (84 kg),1997–12–20,Kentucky
Sacramento Kings,F/C,20,"Giles, Harry",6 ft 11 in (2.11 m),240 lb (109 kg),1998–04–22,Duke
Sacramento Kings,G,7,"Guy, Kyle (TW)",6 ft 1 in (1.85 m),167 lb (76 kg),1997–08–11,Virginia
Sacramento Kings,G,24,"Hield, Buddy",6 ft 4 in (1.93 m),220 lb (100 kg),1992–12–17,Oklahoma
Sacramento Kings,F,22,"Holmes, Richaun",6 ft 10 in (2.08 m),235 lb (107 kg),1993–10–15,Bowling Green
Sacramento Kings,G/F,10,"James, Justin",6 ft 7 in (2.01 m),190 lb (86 kg),1997–01–24,Wyoming
Sacramento Kings,G/F,19,"Jeffries, DaQuan (TW)",6 ft 5 in (1.96 m),230 lb (104 kg),1997–08–30,Tulsa
Sacramento Kings,G,9,"Joseph, Cory",6 ft 3 in (1.91 m),200 lb (91 kg),1991–08–20,Texas
Sacramento Kings,C,25,"Len, Alex",7 ft 1 in (2.16 m),250 lb (113 kg),1993–06–16,Maryland
Sacramento Kings,F,33,"Parker, Jabari",6 ft 8 in (2.03 m),245 lb (111 kg),1995–05–15,Duke
Dallas Mavericks,G,5,"Barea, J. J. (FA)",5 ft 10 in (1.78 m),180 lb (82 kg),1984–06–26,Northeastern
Dallas Mavericks,G,13,"Brunson, Jalen ",6 ft 1 in (1.85 m),190 lb (86 kg),1996–08–31,Villanova
Dallas Mavericks,G,32,"Burke, Trey (FA)",6 ft 0 in (1.83 m),185 lb (84 kg),1992–11–12,Michigan
Dallas Mavericks,C,33,"Cauley-Stein, Willie",7 ft 0 in (2.13 m),240 lb (109 kg),1993–08–18,Kentucky
Dallas Mavericks,G,3,"Cleveland, Antonius (TW, FA)",6 ft 5 in (1.96 m),195 lb (88 kg),1994–02–02,Southeast Missouri State
Dallas Mavericks,G,30,"Curry, Seth",6 ft 2 in (1.88 m),185 lb (84 kg),1990–08–23,Duke
Dallas Mavericks,G/F,77,"Dončić, Luka",6 ft 7 in (2.01 m),230 lb (104 kg),1999–02–28,Slovenia
Dallas Mavericks,F,10,"Finney-Smith, Dorian",6 ft 7 in (2.01 m),220 lb (100 kg),1993–05–04,Florida
Dallas Mavericks,G/F,11,"Hardaway, Tim",6 ft 5 in (1.96 m),205 lb (93 kg),1992–03–16,Michigan
Dallas Mavericks,F,44,"Jackson, Justin",6 ft 7 in (2.01 m),220 lb (100 kg),1995–03–28,North Carolina
Dallas Mavericks,F,9,"Kidd-Gilchrist, Michael (FA)",6 ft 6 in (1.98 m),232 lb (105 kg),1993–09–26,Kentucky
Dallas Mavericks,F,42,"Kleber, Maxi",6 ft 10 in (2.08 m),240 lb (109 kg),1992–01–29,Germany
Dallas Mavericks,G,1,"Lee, Courtney  (FA)",6 ft 5 in (1.96 m),215 lb (98 kg),1985–10–03,Western Kentucky
Dallas Mavericks,C,51,"Marjanović, Boban",7 ft 4 in (2.24 m),290 lb (132 kg),1988–08–15,Serbia
Dallas Mavericks,F/C,6,"Porziņģis, Kristaps ",7 ft 3 in (2.21 m),240 lb (109 kg),1995–08–02,Latvia
Dallas Mavericks,F/C,7,"Powell, Dwight ",6 ft 10 in (2.08 m),240 lb (109 kg),1991–07–20,Stanford
Dallas Mavericks,G/F,23,"Reaves, Josh (TW, FA)",6 ft 4 in (1.93 m),214 lb (97 kg),1997–06–04,Penn State
Dallas Mavericks,G,55,"Wright, Delon",6 ft 5 in (1.96 m),185 lb (84 kg),1992–04–26,Utah
Houston Rockets,F,5,"Caboclo, Bruno (FA)",6 ft 9 in (2.06 m),218 lb (99 kg),1995–09–21,Brazil
Houston Rockets,F,9,"Carroll, DeMarre (FA)",6 ft 6 in (1.98 m),215 lb (98 kg),1986–07–27,Missouri
Houston Rockets,C,19,"Chandler, Tyson (FA)",7 ft 0 in (2.13 m),235 lb (107 kg),1982–10–02,Dominguez HS (CA)
Houston Rockets,G,3,"Clemons, Chris",5 ft 9 in (1.75 m),180 lb (82 kg),1997–07–23,Campbell
Houston Rockets,F,33,"Covington, Robert",6 ft 7 in (2.01 m),209 lb (95 kg),1990–12–14,Tennessee State
Houston Rockets,G,21,"Frazier, Michael (TW, FA)",6 ft 3 in (1.91 m),200 lb (91 kg),1994–03–08,Florida
Houston Rockets,G,10,"Gordon, Eric ",6 ft 3 in (1.91 m),215 lb (98 kg),1988–12–25,Indiana
Houston Rockets,F,32,"Green, Jeff (FA)",6 ft 8 in (2.03 m),235 lb (107 kg),1986–08–28,Georgetown
Houston Rockets,G,13,"Harden, James",6 ft 5 in (1.96 m),220 lb (100 kg),1989–08–26,Arizona State
Houston Rockets,G/F,4,"House, Danuel",6 ft 6 in (1.98 m),220 lb (100 kg),1993–06–07,Texas A&M
Houston Rockets,F,12,"Mbah a Moute, Luc (FA)",6 ft 8 in (2.03 m),230 lb (104 kg),1986–09–09,UCLA
Houston Rockets,G,16,"McLemore, Ben",6 ft 3 in (1.91 m),195 lb (88 kg),1993–02–11,Kansas
Houston Rockets,G/F,–,"Nwaba, David ",6 ft 5 in (1.96 m),219 lb (99 kg),1993–01–14,Cal Poly San Luis Obispo
Houston Rockets,G,25,"Rivers, Austin",6 ft 3 in (1.91 m),200 lb (91 kg),1992–08–01,Duke
Houston Rockets,G/F,18,"Sefolosha, Thabo (FA)",6 ft 6 in (1.98 m),215 lb (98 kg),1984–05–02,Switzerland
Houston Rockets,F,17,"Tucker, P. J.",6 ft 5 in (1.96 m),245 lb (111 kg),1985–05–05,Texas
Houston Rockets,G,0,"Westbrook, Russell",6 ft 3 in (1.91 m),200 lb (91 kg),1988–11–12,UCLA
Memphis Grizzlies,G,3,"Allen, Grayson",6 ft 4 in (1.93 m),198 lb (90 kg),1995–10–08,Duke
Memphis Grizzlies,G/F,1,"Anderson, Kyle",6 ft 9 in (2.06 m),230 lb (104 kg),1993–09–20,UCLA
Memphis Grizzlies,G/F,24,"Brooks, Dillon",6 ft 7 in (2.01 m),225 lb (102 kg),1996–01–22,Oregon
Memphis Grizzlies,G/F,15,"Clarke, Brandon",6 ft 8 in (2.03 m),215 lb (98 kg),1996–09–19,Gonzaga
Memphis Grizzlies,C,14,"Dieng, Gorgui",6 ft 10 in (2.08 m),252 lb (114 kg),1990–01–18,Louisville
Memphis Grizzlies,G,23,"Gudurić, Marko",6 ft 6 in (1.98 m),201 lb (91 kg),1995–03–08,Serbia
Memphis Grizzlies,F/C,13,"Jackson, Jaren ",6 ft 11 in (2.11 m),242 lb (110 kg),1999–09–15,Michigan State
Memphis Grizzlies,G/F,20,"Jackson, Josh",6 ft 8 in (2.03 m),207 lb (94 kg),1997–02–10,Kansas
Memphis Grizzlies,G,21,"Jones, Tyus",6 ft 0 in (1.83 m),196 lb (89 kg),1996–05–10,Duke
Memphis Grizzlies,G,46,"Konchar, John (TW)",6 ft 5 in (1.96 m),210 lb (95 kg),1996–03–22,Fort Wayne
Memphis Grizzlies,G,0,"Melton, De'Anthony",6 ft 2 in (1.88 m),200 lb (91 kg),1998–05–28,Southern California
Memphis Grizzlies,G,12,"Morant, Ja",6 ft 3 in (1.91 m),174 lb (79 kg),1999–08–10,Murray State
Memphis Grizzlies,F/C,–,"Porter, Jontay ",6 ft 11 in (2.11 m),240 lb (109 kg),1999–11–15,Missouri
Memphis Grizzlies,F,44,"Tolliver, Anthony",6 ft 8 in (2.03 m),240 lb (109 kg),1985–06–01,Creighton
Memphis Grizzlies,C,17,"Valančiūnas, Jonas",6 ft 11 in (2.11 m),265 lb (120 kg),1992–05–06,Lithuania
Memphis Grizzlies,G/F,18,"Watanabe, Yuta (TW)",6 ft 8 in (2.03 m),215 lb (98 kg),1994–10–13,George Washington
Memphis Grizzlies,G/F,7,"Winslow, Justise ",6 ft 6 in (1.98 m),222 lb (101 kg),1996–03–26,Duke
New Orleans Pelicans,G,0,"Alexander-Walker, Nickeil",6 ft 5 in (1.96 m),205 lb (93 kg),1998–09–02,Virginia Tech
New Orleans Pelicans,G,2,"Ball, Lonzo",6 ft 6 in (1.98 m),190 lb (86 kg),1997–10–27,UCLA
New Orleans Pelicans,F,45,"Cheatham, Zylan (TW)",6 ft 5 in (1.96 m),220 lb (100 kg),1995–11–17,Arizona State
New Orleans Pelicans,F,22,"Favors, Derrick",6 ft 9 in (2.06 m),265 lb (120 kg),1991–07–15,Georgia Tech
New Orleans Pelicans,G,5,"Gray, Josh (TW)",6 ft 0 in (1.83 m),180 lb (82 kg),1993–09–09,LSU
New Orleans Pelicans,G,3,"Hart, Josh",6 ft 5 in (1.96 m),215 lb (98 kg),1995–03–06,Villanova
New Orleans Pelicans,F/C,10,"Hayes, Jaxson",6 ft 11 in (2.11 m),220 lb (100 kg),2000–05–23,Texas
New Orleans Pelicans,G,11,"Holiday, Jrue",6 ft 3 in (1.91 m),205 lb (93 kg),1990–06–12,UCLA
New Orleans Pelicans,F,14,"Ingram, Brandon",6 ft 7 in (2.01 m),190 lb (86 kg),1997–09–02,Duke
New Orleans Pelicans,G,15,"Jackson, Frank",6 ft 3 in (1.91 m),205 lb (93 kg),1998–05–04,Duke
New Orleans Pelicans,F,20,"Melli, Nicolò",6 ft 9 in (2.06 m),236 lb (107 kg),1991–01–26,Italy
New Orleans Pelicans,F,21,"Miller, Darius ",6 ft 6 in (1.98 m),225 lb (102 kg),1990–03–21,Kentucky
New Orleans Pelicans,G,55,"Moore, E'Twaun",6 ft 3 in (1.91 m),191 lb (87 kg),1989–02–25,Purdue
New Orleans Pelicans,F/C,9,"Okafor, Jahlil",6 ft 10 in (2.08 m),270 lb (122 kg),1995–12–15,Duke
New Orleans Pelicans,G,4,"Redick, JJ",6 ft 3 in (1.91 m),200 lb (91 kg),1984–06–24,Duke
New Orleans Pelicans,G,12,"Thornwell, Sindarius",6 ft 4 in (1.93 m),215 lb (98 kg),1994–11–15,South Carolina
New Orleans Pelicans,G/F,34,"Williams, Kenrich",6 ft 6 in (1.98 m),210 lb (95 kg),1994–12–02,TCU
New Orleans Pelicans,F,1,"Williamson, Zion",6 ft 6 in (1.98 m),284 lb (129 kg),2000–07–06,Duke
San Antonio Spurs,F/C,12,"Aldridge, LaMarcus ",6 ft 11 in (2.11 m),260 lb (118 kg),1985–07–19,Texas
San Antonio Spurs,G,18,"Belinelli, Marco (FA)",6 ft 5 in (1.96 m),210 lb (95 kg),1986–03–25,Italy
San Antonio Spurs,G/F,10,"DeRozan, DeMar",6 ft 6 in (1.98 m),220 lb (100 kg),1989–08–07,Southern California
San Antonio Spurs,F/C,14,"Eubanks, Drew (TW, FA)",6 ft 10 in (2.08 m),250 lb (113 kg),1997–02–01,Oregon State
San Antonio Spurs,G,11,"Forbes, Bryn (FA)",6 ft 2 in (1.88 m),190 lb (86 kg),1993–07–23,Michigan State
San Antonio Spurs,G/F,22,"Gay, Rudy",6 ft 8 in (2.03 m),230 lb (104 kg),1986–08–17,Connecticut
San Antonio Spurs,G/F,3,"Johnson, Keldon",6 ft 5 in (1.96 m),211 lb (96 kg),1999–10–11,Kentucky
San Antonio Spurs,F,41,"Lyles, Trey ",6 ft 9 in (2.06 m),234 lb (106 kg),1995–11–05,Kentucky
San Antonio Spurs,F/C,7,"Metu, Chimezie",6 ft 10 in (2.08 m),225 lb (102 kg),1997–03–22,Southern California
San Antonio Spurs,G,8,"Mills, Patty",6 ft 1 in (1.85 m),180 lb (82 kg),1988–08–11,Saint Mary's
San Antonio Spurs,G,5,"Murray, Dejounte",6 ft 4 in (1.93 m),170 lb (77 kg),1996–09–19,Washington
San Antonio Spurs,C,25,"Pöltl, Jakob (FA)",7 ft 1 in (2.16 m),230 lb (104 kg),1995–10–15,Utah
San Antonio Spurs,F,19,"Šamanić, Luka",6 ft 11 in (2.11 m),227 lb (103 kg),2000–01–09,Croatia
San Antonio Spurs,G/F,1,"Walker, Lonnie",6 ft 5 in (1.96 m),205 lb (93 kg),1998–12–14,Miami (FL)
San Antonio Spurs,G,15,"Weatherspoon, Quinndary (TW, FA)",6 ft 4 in (1.93 m),207 lb (94 kg),1996–09–10,Mississippi State
San Antonio Spurs,G,4,"White, Derrick",6 ft 4 in (1.93 m),190 lb (86 kg),1994–07–02,Colorado
San Antonio Spurs,C,45,"Zeller, Tyler",6 ft 11 in (2.11 m),255 lb (116 kg),1990–01–17,North Carolina
